0,SetEventFlag,84
0,SetEventFlag,26
0,SetEventFlag,232
0,SetEventFlag,225
0,SetEventFlag,224
0,SetEventFlag,110
0,SetEventFlag,107
0,SetEventFlag,20
0,SetEventFlag,899
0,SetEventFlag,599
0,SetEventFlag,543
0,SetEventFlag,542
0,SetEventFlag,415
0,SetEventFlag,322
0,SetEventFlag,321
0,SetEventFlag,315
0,SetEventFlag,248
0,SetEventFlag,241
0,SetEventFlag,236
0,SetEventFlag,231
0,SetEventFlag,223
0,SetEventFlag,222
0,SetEventFlag,55
0,SetEventFlag,11
0,SetEventFlag,10
0,SetEventFlag,9
0,SetEventFlag,7
0,SetEventFlag,1
0,Finish,2,0,0
